id,firstName,surname
1,Jeane,Haimes
2,Nina,Faulo
3,Chloe,Loffill
4,Louise,Beasant
5,Lolita,Ochterlony
6,Horatio,Reynolds
7,Hastie,Mitchley
8,Kelcy,Williamson
9,Priscella,Mant
10,Jaquelin,Divis
11,Krispin,Ouldred
12,Doe,Knell
13,Doti,Proschke
14,Camile,Scamerdine
15,Wilden,Petrovic
16,Sofia,Woolpert
17,Sheppard,Markwick
18,Juliet,Selvester
19,Faunie,Witson
20,Darren,Grice
21,Aksel,Ferrero
22,Christie,Varley
23,Zaria,Frunks
24,Salomi,Petlyura
25,Keeley,Courtenay
26,Rolfe,Celiz
27,Aron,Yurshev
28,Desmond,McPhater
29,Clare,Vellender
30,Nedi,Antonutti
31,Davon,Matuska
32,Reginauld,Cooksley
33,Karie,Klejna
34,Rennie,Nehl
35,Nance,Spight
36,Noelyn,Stanford
37,Gracie,Friberg
38,Helenka,Haskins
39,Dougy,Negus
40,Wendell,Brislane
41,Abe,Bradbrook
42,Amaleta,Lorenc
43,Ursa,Annion
44,Lu,Braiden
45,Christabel,Maddigan
46,Alie,Cramond
47,Tedman,Grissett
48,Kenneth,Baudacci
49,Nickolaus,Choldcroft
50,Nelie,Brandassi
51,Damian,Sicha
52,Phillip,Edgler
53,Fan,Asaaf
54,Elisabeth,Cowle
55,Celestina,Brittlebank
56,Deloria,Reckus
57,Elnar,Kinver
58,Des,Yeo
59,Jarret,Blacket
60,Carly,Eakeley
61,Llewellyn,McMarquis
62,Abbye,Jenteau
63,Phineas,Jostan
64,Denis,Thoresby
65,Franciskus,Starsmore
66,Bette,McCurt
67,Casi,Tohill
68,Emelen,Meers
69,Reinwald,Turk
70,Neila,Gelling
71,Kipper,Lundie
72,Glenden,Battany
73,Rriocard,Mountney
74,Violet,Eastway
75,Josepha,Ferreres
76,Alysia,Tweed
77,Joanne,Tzarkov
78,Sybila,Innocenti
79,Wilona,Eastbury
80,Claire,Tidball
81,Nichole,Grinstead
82,Prentice,Whittleton
83,Sammy,Barnwill
84,Gypsy,Arndtsen
85,Hamil,Lavis
86,Blisse,Jeschner
87,Ronni,Romain
88,Brandyn,Vane
89,Tamarra,Edeler
90,Sosanna,Dureden
91,Linnet,Alty
92,Mae,Corser
93,Cathrine,Tweedlie
94,Serge,Pippard
95,Ferdie,Burdus
96,Elita,Bissiker
97,Allard,Ervine
98,Dael,Beveridge
99,Marven,Gunston
100,Dawna,Tregensoe
101,Sebastien,Crawforth
102,Archaimbaud,Petzolt
103,Thomasin,Eckersley
104,Palm,Singh
105,Diane,Pudan
106,Willis,Rowen
107,Lucy,Silverlock
108,Zedekiah,Smail
109,Tate,Leachman
110,Stavros,Shivlin
111,Mychal,Woodson
112,Yolande,Marton
113,Rod,Ruckhard
114,Amble,Scardifield
115,Clemmie,McCorrie
116,Dotti,Gimbrett
117,Charlton,Rimell
118,Tomasina,Greening
119,Ashlen,Ridout
120,Marcela,Maytom
121,Cherida,Brewett
122,Quintin,Pope
123,Walt,Shafe
124,Dov,Godard
125,Bili,Kittow
126,Shelli,Le Brun
127,Grenville,Gammie
128,Marion,Cantera
129,Ellynn,Wisham
130,Rudolph,Slowgrove
131,Emory,Belison
132,Karalee,Iannitti
133,Patience,Colnet
134,Hyacinthie,Lyburn
135,Joanie,Feldmann
136,Sauveur,Caig
137,Lemuel,O' Gara
138,Garvey,Styche
139,Karl,Maulin
140,Brigida,Cory
141,Enriqueta,Poytheras
142,Kally,Wolver
143,Becka,Chinery
144,Brandyn,Spat
145,Jasen,Pentecust
146,Case,Mallatratt
147,Kelcie,Carlill
148,Audra,Itzkov
149,Brent,Kuhnert
150,Berna,Matskevich
151,Tim,Segar
152,Jonell,Learoid
153,Moselle,Wolfers
154,Jane,Corre
155,Adrianna,Santos
156,Karita,Klimas
157,Evaleen,Myner
158,Denver,Spradbrow
159,Whitman,Braycotton
160,Jackelyn,Karoly
161,Joannes,Gilpillan
162,Ruthanne,Hayselden
163,Georges,Gatheral
164,Saleem,Tuxell
165,Gib,Petrasch
166,Melodie,Peniello
167,Shannon,Solon
168,Michele,Dorro
169,Aristotle,Spoerl
170,Emelyne,Olivazzi
171,Kimmy,Ewbanche
172,Hazel,Osler
173,Buck,Janny
174,Margie,Nortunen
175,Pail,Occleshaw
176,Kesley,Poulsum
177,Emmalyn,Govey
178,Fabiano,Foch
179,Abbie,Dominey
180,Deck,Riatt
181,Reyna,Ramstead
182,Fletcher,Fluit
183,Inger,Fisbey
184,Hamish,Fearnyhough
185,Max,Burnall
186,Emlynn,McCorley
187,Lorrayne,Nelm
188,Hastie,Extall
189,Amelie,MacCoughen
190,Ronnica,Jayne
191,Dallas,Meagh
192,Blondy,Thibodeaux
193,Ximenez,Gumbley
194,Obadiah,Fuentez
195,Jada,Ambroziak
196,Amalee,Gantley
197,Alexandr,Bunson
198,Lira,Ghelardoni
199,Bern,Egan
200,Dev,Botterman
201,Fanchon,Castilljo
202,Miof mela,Enriques
203,Hannis,Osan
204,Raimundo,Trimmell
205,Robby,Becke
206,Amye,Jirak
207,Elyssa,Tucknott
208,Luella,Shyram
209,Myrlene,Battleson
210,Wiley,MacCarrick
211,Finley,Hardiman
212,Eamon,Peat
213,Giavani,Maddrell
214,Charlotta,Voysey
215,Lurline,Bushell
216,Charmine,Binnie
217,Dionne,Bucke
218,Mathew,Brosenius
219,Roanna,Speedy
220,Sunny,Cheney
221,Auberon,Tallman
222,Amalee,Gergler
223,Celia,Honniebal
224,Erskine,Wardel
225,Paige,Jahnig
226,Nealson,Kaplin
227,Kristian,Stait
228,Gipsy,Petche
229,Andriette,Konzel
230,Dionis,Oliphant
231,Lenci,Labat
232,Ulrika,Leindecker
233,Ruggiero,Yewdale
234,Lammond,Lightollers
235,Gregory,Nern
236,Brigham,Firminger
237,Muffin,Lidgely
238,Joycelin,Benito
239,Rochelle,Farragher
240,Stacee,Kemmish
241,Nananne,Otterwell
242,Claiborne,Phelipeau
243,Dyane,Fallowfield
244,Rustin,Franzman
245,Andros,Crauford
246,Dennis,Brumby
247,Annabelle,Munby
248,Dianemarie,Braznell
249,Tootsie,Vondrasek
250,Lynnea,Sliman
251,Bess,Cromer
252,Massimo,Longbothom
253,Thorsten,Shekle
254,Kleon,Ashe
255,Sophia,Smythin
256,Darrelle,Skippings
257,Ambros,Woolaghan
258,Amelia,Bercevelo
259,Raynor,McGaugan
260,Val,Tournay
261,Sim,Shirley
262,Brigg,Tomkies
263,Brockie,Mincini
264,Gillian,Triggol
265,Paddie,Robelet
266,Nathanial,Silverwood
267,Worthington,Avann
268,Dur,Astlett
269,Stacee,Holworth
270,El,Fawssett
271,Dori,Klees
272,Aluin,Golton
273,Grethel,Roseborough
274,Marji,Yardley
275,Jaime,Denning
276,Roselia,Phillipps
277,Timothee,Gotliffe
278,Fax,Lergan
279,Kin,Geffinger
280,Piggy,Wills
281,Vale,Hetterich
282,Suzanna,Tregien
283,Sydney,Stitle
284,Fannie,Giacomuzzo
285,Bebe,Hexum
286,Milissent,Ludgate
287,Teri,Moden
288,Brit,Vautre
289,Mortie,Rootham
290,Rey,Spillard
291,Osborn,Sprigging
292,Yorker,Braganca
293,Farrell,Vernazza
294,Brnaby,Mayes
295,Sacha,Gerger
296,Brett,Wingatt
297,Jeannie,Vobes
298,Melodee,Thompsett
299,Bendite,Pachmann
300,Ginni,Edgcumbe
301,Dulcine,Brauninger
302,Tami,Raison
303,Fleurette,Meekin
304,Di,Nerne
305,Karylin,Hercules
306,Delaney,Pasticznyk
307,Rhona,Possel
308,Marietta,Lewendon
309,Kinnie,Kubacki
310,Feliza,Nasi
311,Jeannette,Cheasman
312,Ardyth,Edgerley
313,Nicolette,Rickardes
314,Abagail,Makinson
315,Kacy,McArthur
316,Allina,Keam
317,Clarke,Canete
318,Lee,Juett
319,Ruby,Pendrigh
320,Joletta,Swancock
321,Suellen,Billam
322,Giovanni,Kinkade
323,Fred,Forsdicke
324,Jermain,Bartoleyn
325,Ursulina,Sagg
326,Mathian,Garstang
327,Burch,Parsall
328,Broddie,Pitkaithly
329,Norah,Gobolos
330,Livvyy,Borrington
331,Gunilla,Meron
332,Iago,Hofler
333,Tarrah,Anyon
334,Rudie,Flintoff
335,Alissa,Weekley
336,Lucy,Garfath
337,Jedediah,Huleatt
338,Mead,Denzilow
339,Ernst,Jecock
340,Bessie,Manser
341,Helge,Everley
342,Kylynn,Cregeen
343,Giffard,Gridley
344,Lyssa,McGiven
345,Tabbie,Garaghan
346,Ekaterina,Mompesson
347,Davon,Goodlatt
348,Elissa,Bohlin
349,Linc,Youdell
350,Merill,Agnolo
351,Indira,Itscowicz
352,Kassey,Langhor
353,Delia,Postians
354,Aristotle,Thurling
355,Germain,Como
356,Faythe,Tattersdill
357,Morgana,Clemetts
358,Malvin,Burling
359,Venita,Tatham
360,Judith,Mackney
361,Kyle,Moar
362,Raquel,Brim
363,Duffie,Tailby
364,Gena,Odney
365,Cletis,Blunt
366,Luise,Dyers
367,Adelheid,Laffling
368,Dido,Wallhead
369,Yetta,Brosoli
370,Romy,Maharg
371,Archibald,Bloxsome
372,Ora,Ciccottini
373,Rafe,Croose
374,Oby,Hasel
375,Sean,MacGillreich
376,Leslie,Ollis
377,Eal,Flecknoe
378,Chloe,Hambatch
379,Lorant,Cardenas
380,Maisey,Carbonell
381,Barbara,Ogley
382,Audie,Lissenden
383,Lew,Douglass
384,Carolina,Elbourne
385,Aurore,Selvey
386,Garrott,MacTague
387,Savina,Farren
388,Oneida,Fishleigh
389,Bunnie,Deegin
390,Redford,Boscott
391,Babara,Mallock
392,Uriel,Scarasbrick
393,Casandra,O'Lenechan
394,Ezechiel,Bunhill
395,Eartha,Limerick
396,Meade,Athy
397,Lonnie,Waldocke
398,Phillida,Brettoner
399,Donni,Keane
400,Alanah,Fudger
401,Alyosha,Kless
402,Harbert,Deek
403,Berna,Crowley
404,Maurizia,Jelphs
405,Herbie,Mogra
406,Ellwood,Peplaw
407,Shanan,Britch
408,Sandor,Mallabone
409,Emmalynne,Lewry
410,Nathaniel,Mathevon
411,Edy,Stickler
412,Forrest,Bemment
413,Jesse,Orwell
414,Rufe,Duligal
415,Jesse,Luckman
416,Northrop,Leer
417,Beatriz,Leeb
418,Carry,Jeaves
419,Tad,Newson
420,Theodore,Novkovic
421,Adolf,Sleany
422,Camille,Eseler
423,Gallagher,De Souza
424,Brietta,Grzegorzewski
425,Sioux,Shearwood
426,Dan,Yes
427,Gabrila,Meadmore
428,Julianne,Hunnisett
429,Thekla,Cowpland
430,Leon,Coggeshall
431,Efrem,Bloomfield
432,Kimball,MacGray
433,Desdemona,Ashlee
434,Nanette,Kingsnod
435,Fransisco,Everitt
436,Deina,Janc
437,Tally,Drane
438,Ozzie,Rodda
439,Claudina,Noulton
440,Fidel,Tilbrook
441,Ingemar,Sperrett
442,Colette,Rappoport
443,Zolly,Baptista
444,Salome,Tonry
445,Faun,Cubbino
446,Odette,Overil
447,Artus,Gleave
448,Elsy,Pes
449,Viole,Collopy
450,Robinson,Gather
451,Johnna,Wilbore
452,Eberhard,Bedding
453,Vasili,Owbridge
454,Tandy,Bosher
455,Abbi,McDowall
456,Lucais,Brickdale
457,Barry,Archanbault
458,Pembroke,Stieger
459,Zita,Natte
460,Freda,Charville
461,Gratiana,Krauze
462,Matilde,Haffner
463,Janaye,Elcum
464,Trixy,Cona
465,Johannah,Stubbert
466,Tami,Ridsdell
467,Brigit,Fillon
468,Letta,Farbrother
469,Mendy,Eadon
470,Fabe,Leffek
471,Jason,Ozanne
472,Gleda,Rawlins
473,Warden,Dummett
474,Coleman,Pogson
475,Gabriello,Moores
476,Opalina,Aspey
477,Pietra,Winscomb
478,Ammamaria,Rosencwaig
479,Paco,Morcom
480,Marieann,Brockherst
481,Agneta,Trudgian
482,Clementius,Corbett
483,Etheline,Carnaman
484,Claybourne,Copping
485,Shelli,Gland
486,Guy,Uphill
487,Katerine,Granham
488,Mac,Adkins
489,Constantin,Davidde
490,Sloan,Booker
491,Hubey,Monteaux
492,Waldemar,Bayldon
493,Carri,Illsley
494,Den,Mungan
495,Paul,Okenfold
496,Sal,Brickner
497,Stephanie,Stote
498,Alyssa,Dunks
499,Maribel,Rendall
500,Francesco,Peete
501,Annmaria,Shutt
502,Guillaume,Colaco
503,Kittie,Crain
504,Vita,Atherley
505,Merv,Malkinson
506,Dodi,McGreary
507,Simmonds,Hulle
508,Arman,Kondratowicz
509,Glennis,Claricoates
510,Lev,Howselee
511,Christina,Pawlaczyk
512,Bessy,Spaughton
513,Margret,Clubb
514,Merridie,Humm
515,Timothy,Carpmile
516,Winslow,Noller
517,Ninnette,Smyley
518,Gabbie,Cheese
519,Lotti,Nursey
520,Keven,Durdy
521,Charmian,Craker
522,Maureen,Dugdale
523,Danette,Hugett
524,Kerri,Truesdale
525,Arnie,Punyer
526,Torey,Gierardi
527,Shanon,McCoveney
528,Audra,Beardall
529,Zabrina,Kinner
530,Kelbee,Darque
531,Gloriane,Verling
532,Leeland,Kingswood
533,Alfonso,Giff
534,Shana,Knok
535,Mariann,Revel
536,Tine,Japp
537,Chad,Scoular
538,Jedd,Hilldrup
539,Andee,Ca
540,Ashien,Garden
541,Killie,Cobbledick
542,Cobby,Ingledow
543,Trenton,Reddan
544,Stefa,Wallbanks
545,Ambrose,Gooderidge
546,Mechelle,McGahy
547,Michele,Joannet
548,Kyle,Doumenc
549,Carlota,Tordiffe
550,Dermot,Shailer
551,Margeaux,Breakspear
552,Sarajane,Fish
553,Lurlene,Tremaine
554,Morton,Pollard
555,Daron,Isson
556,Tiffie,Cawsy
557,Lorrie,Ramelet
558,Sondra,Kondratenya
559,Eveline,McCuthais
560,Wang,Baukham
561,Normie,Habbes
562,Dora,Barens
563,Kip,Oxtoby
564,Angie,Frankcombe
565,Gloria,Gathwaite
566,Inga,De Hooge
567,Terrijo,Argrave
568,Karrah,Mithun
569,Barrett,Gudde
570,Correna,Hargey
571,Saloma,Denerley
572,Mair,Bolam
573,Melva,Serjeant
574,Gonzalo,Crabbe
575,Ethelind,Turbern
576,Marni,Twallin
577,Chaim,Rottenbury
578,Leilah,Bloy
579,Reginald,Marton
580,Killie,Greally
581,Claiborne,Ellar
582,Basilius,Fritz
583,Viviene,Boxill
584,Alfi,Daburn
585,Wilie,Osmar
586,Rhiamon,Neles
587,Arni,Cant
588,Dynah,Hymer
589,Chevalier,Lerven
590,Tina,Islep
591,Wendie,Ber
592,Cirilo,Henrichsen
593,Keri,Hartzog
594,Jayson,Cranke
595,Inigo,Prosh
596,Gregoire,Jansie
597,Lee,Mayler
598,Dalston,Nyles
599,Cointon,Brogden
600,Chastity,Fullager
601,Brandtr,Corbett
602,Thaxter,Westnage
603,Tarrance,Nequest
604,Milka,Brimfield
605,Antoine,Spillman
606,Binnie,Allsep
607,Reinald,Simonds
608,Norean,Gallier
609,Willem,Jurkowski
610,Ellynn,Le Blanc
611,Dewey,Lonie
612,Charley,Rasor
613,Erich,Deverille
614,Flossy,Parsonage
615,Augustin,Farman
616,Loraine,Ibbitson
617,Flori,Dikles
618,Harlene,Burner
619,Libbey,Borsay
620,Barbara,Bareford
621,Hillie,Hantusch
622,Jewel,Studde
623,Leonerd,Bootherstone
624,Erv,Galpen
625,Janos,Holby
626,Kirk,Bossingham
627,Leilah,Rawlin
628,Dom,Raund
629,De,Coultard
630,Drusie,Kullmann
631,Boy,Kmicicki
632,Nanine,Isaacson
633,Daniela,Bram
634,Robert,Vallentin
635,Rowen,Harbisher
636,Minta,Kington
637,Kurtis,Cridland
638,Marris,Hablet
639,Caitrin,Taphouse
640,Evyn,Topes
641,Randa,Tibbles
642,Lindy,Lanceter
643,Cirilo,Alp
644,Pavla,Gonoude
645,Malvin,Heers
646,Clay,Mickleburgh
647,Gipsy,Scolland
648,Burton,Petticrow
649,Barrie,Gormley
650,Delinda,Vannini
651,Myrna,Klainer
652,Rad,Keasey
653,Steffane,Pierton
654,Ravi,Slowley
655,Jorgan,Henze
656,Layla,Cassel
657,Abbie,Dyble
658,Juan,Daber
659,Brandtr,Enoch
660,Bartolemo,Butterfield
661,Lee,Minty
662,Kizzee,Anthoine
663,Cindy,Kears
664,Sibbie,Gusticke
665,Fredericka,Albury
666,Sherwynd,Di Dello
667,Berry,Lamperd
668,Tracy,Abbess
669,Siegfried,Wildblood
670,Kylila,Deek
671,Garnet,Labat
672,Tani,Catcheside
673,Maighdiln,Robardley
674,Gordon,Lode
675,Melessa,Dineen
676,Kelsey,Shinfield
677,Jozef,Aslum
678,Breena,Lanchbery
679,Gilburt,Buxton
680,Kayley,Perrot
681,Jemmie,Howie
682,Cliff,Beek
683,Osmund,Lorek
684,Brenda,Fonteyne
685,Rachael,Franek
686,Shoshana,Tirrell
687,Dione,Spire
688,Virgina,Vasyatkin
689,Frederigo,Esberger
690,Burg,Forder
691,Nestor,Beckles
692,Roda,Yeabsley
693,Cornall,Macek
694,Oliy,Wisniewski
695,Ettore,Kemmis
696,Ade,Hazelden
697,Tamar,Masurel
698,Miltie,Nairn
699,Edd,Menault
700,Derek,Bulcroft
701,Correy,Eam
702,Pierson,Linnitt
703,Averyl,Hesse
704,Jillie,Staniforth
705,Foss,Caulket
706,Camellia,Cleworth
707,Terrence,Barbey
708,Benson,Thorrington
709,Austin,Candish
710,Rudiger,McAusland
711,Florenza,Leppo
712,Leeann,Plaxton
713,Flossy,Darrell
714,Edd,Northall
715,Cathryn,Nouch
716,Garth,Gittus
717,Norton,Parminter
718,Jemmie,Matous
719,Rufus,Marsland
720,Stormie,Dunstan
721,Nita,Duggen
722,Dur,Dederick
723,Russ,Betteson
724,Antonius,Farlamb
725,Sheelagh,Zanetti
726,Cammy,Cottham
727,Marnia,Calan
728,Hewet,Flay
729,Sean,Bereford
730,Lenna,Channing
731,Constantia,Spellesy
732,Jenny,Skacel
733,Huberto,Vannah
734,Nickie,Toffano
735,Wayland,MacDearmid
736,Friederike,Seamon
737,Isidoro,Alcalde
738,Eddy,Adamczewski
739,Odelia,Gough
740,Audrey,Kegg
741,Kaye,Koppke
742,Hayden,Rattenbury
743,Briana,Leetham
744,Hebert,Drowsfield
745,Chas,Blaney
746,Mel,Patters
747,Stafford,Seebright
748,Roman,Greenshiels
749,Anabal,Ferne
750,Winslow,Bugbird
751,Tomas,Cochern
752,Ted,Krishtopaittis
753,Vail,Hove
754,Morgen,Feare
755,Gerti,Kemshell
756,Ahmad,Pescod
757,Juan,Wetherburn
758,Bastian,Geleman
759,Grannie,Malafe
760,Loralyn,Tenman
761,Theda,Truett
762,Cass,Reschke
763,Christalle,Glabach
764,Margarethe,Britney
765,Ravid,Barlee
766,Alano,Chaunce
767,Josiah,Coggings
768,Jacqueline,Zimmerman
769,Tyson,McGuane
770,Nikki,Lory
771,Sophey,Sherreard
772,Antonetta,Derkes
773,Standford,Killock
774,Maryl,Clitsome
775,Casi,Cadalleder
776,Netta,Vokes
777,Valma,Longden
778,Romola,Sollett
779,Elmo,Perfili
780,Tate,Rodliff
781,Brandise,Piscotti
782,Fifi,Mawdsley
783,Archy,Down
784,Egon,Gartshore
785,Tilly,Sobey
786,Melita,Sellner
787,Cyndia,Lernihan
788,Ogden,Crowest
789,Elnar,Wadge
790,Sissy,Ardling
791,Andros,Scurrer
792,Vickie,Mattiassi
793,Berrie,Brixey
794,Vale,Dannell
795,Helenelizabeth,Cardello
796,Sarine,Staning
797,Michel,Derye-Barrett
798,Meryl,Jaumet
799,Rob,Shrimpton
800,Vail,Olford
801,Sampson,Shotter
802,Zane,Gudgion
803,Alexandro,Humphris
804,Zorah,Coddrington
805,Ashbey,Bockmaster
806,Theodore,MacNalley
807,Shena,Cotmore
808,Harbert,Lorente
809,Matthiew,Bernardos
810,Cristian,Hibling
811,Skipp,Cortese
812,Cece,Gartell
813,Glynda,Dutnell
814,Tonya,Evason
815,Godwin,Furtado
816,Shurlocke,Breckon
817,Constantia,Brenard
818,Gaynor,Duplan
819,Tamas,Pakes
820,Lebbie,Adicot
821,Salli,De Caroli
822,Vasilis,Clacson
823,Gizela,Grevatt
824,Sibbie,Fawdery
825,Anthea,Ginnally
826,Muire,Mynett
827,Cherilynn,Bapty
828,Lemar,O' Concannon
829,Kandace,Yakubov
830,Gerek,Bubbear
831,Tracey,Stodart
832,Sheeree,Leonard
833,Harli,Hartropp
834,Fred,Drinnan
835,Damaris,Treadger
836,Rikki,Levene
837,Hamil,Whife
838,Henrie,McGrorty
839,Lorrin,Crampton
840,Karalynn,Dericot
841,Audy,Savege
842,Rickey,Gosenell
843,Jaquenette,Cicconettii
844,Jessalyn,De Miranda
845,Gay,Rawles
846,Margit,Gerrietz
847,Natty,Champagne
848,Igor,Hoffmann
849,Gallard,Laurenceau
850,Hercules,Sammon
851,Jammal,MacGinlay
852,Farica,Guest
853,Luigi,Acland
854,Desiree,Ellgood
855,Devan,Gregine
856,Silvie,Maddy
857,Sophey,McCluskey
858,Josias,Dunbavin
859,Cristen,McKeating
860,Zorina,Ralls
861,Yardley,Thame
862,Isadora,Lashbrook
863,Gerik,McFaul
864,Devi,Mowles
865,Padgett,Ible
866,Lisbeth,Loalday
867,Thadeus,Bullivant
868,Humbert,Abels
869,Cecily,Galletley
870,Adelice,Dericut
871,Skye,Pulford
872,Philippine,Lacer
873,Nadia,Peachment
874,Melody,Skully
875,Kathleen,Varns
876,Luciana,Purrington
877,Dolly,Wiggington
878,Penrod,Hinge
879,Kimberlee,Wombwell
880,Jeniffer,Fawthrop
881,Gilbertina,Dignall
882,Ellynn,Kalinovich
883,Emiline,Tandey
884,Temple,McIlwaine
885,Janelle,Duckitt
886,Caryn,Ludewig
887,Elset,Niesel
888,Mariquilla,Crannell
889,Bond,Darrigoe
890,Jocelin,Goddman
891,Sydel,Janacek
892,Halli,Diviney
893,Ricca,Colcomb
894,Tarah,Leyre
895,Lavena,Ripper
896,Morse,Shory
897,Briano,Forge
898,Boone,Lesper
899,Derrek,Freestone
900,Caril,Camamill
901,Bram,Ravelus
902,Fidel,Jarvis
903,Lind,Gowdie
904,Gizela,Paynes
905,Free,Dell 'Orto
906,Tome,Altofts
907,Aurie,Boshers
908,Jeanette,Metzig
909,Ulysses,Jeanon
910,Dick,Rowell
911,Nert,Drysdall
912,Berkie,Caistor
913,Dannie,Eckly
914,Berke,Rosevear
915,Frazer,McBeth
916,Felicdad,Thomason
917,Jase,Burney
918,Clarance,Berni
919,Nanice,Campes
920,Ruthe,Mounsie
921,Alvis,Bownas
922,Rockwell,Clericoates
923,Agnola,Jewkes
924,Sigismund,Monaghan
925,Hulda,Chatterton
926,Libbi,Search
927,Shawna,Rickesies
928,Hailee,Filipponi
929,Lorraine,Phelip
930,Niall,Slark
931,Sauveur,Gribbins
932,Paulie,Cubbini
933,Yoshi,Copas
934,Nannette,Osgodby
935,Corrine,Hassard
936,Deane,Girodin
937,Norri,Sidebottom
938,Morganica,Skirling
939,Wendye,Pashbee
940,Collin,Sarsfield
941,Kirstyn,Myrtle
942,Sybilla,Dyke
943,Brucie,Franceschielli
944,Sharlene,Grubb
945,Efrem,Lavalle
946,Barnaby,Hoy
947,Honor,Dymidowicz
948,Farrel,Lorant
949,Caroljean,Piniur
950,Damaris,Fairbrother
951,Merla,Mival
952,Morley,Andresen
953,Christoph,Skylett
954,Carolee,Pymar
955,Aaron,Scaddon
956,Ferne,Ferres
957,Marijo,Boseley
958,Vickie,Oxtaby
959,Giffer,Draysay
960,Craig,Eldritt
961,Micki,Auletta
962,Blair,Daverin
963,Daisey,Acton
964,Werner,Goodee
965,Lilly,Primo
966,Nickola,MacClenan
967,Kyrstin,McNiff
968,Josey,Cricket
969,Clayson,Maher
970,Gavin,Swinglehurst
971,Friedrich,Pareman
972,Mathian,Sabey
973,Shell,Behling
974,Cass,Ellick
975,Llewellyn,Ohrtmann
976,Diarmid,Carnegie
977,Sibel,Kantor
978,Friedrich,Bootland
979,Gallagher,Burnsell
980,Lizzy,Toby
981,Theodoric,Kurdani
982,Marney,Wakley
983,Ricoriki,Wallsworth
984,Patten,Costerd
985,Krystyna,Pavlasek
986,Skip,Willgoss
987,Linette,Oolahan
988,Corey,Crocket
989,Berne,Aggett
990,Damita,Bairnsfather
991,Sheryl,Murrigans
992,Gaylor,Pierton
993,Ema,Aloway
994,Babbette,Titt
995,Dinny,Blasik
996,Jolie,Drowsfield
997,Denys,Pullar
998,Winfield,Aimeric
999,Timmie,Bartens
1000,Pattin,Jilliss
